account_name,steam_id64
04c4ifka,76561198991387615
6raymone23,76561198415072523
74791158,76561199779226020
99892722,76561199344322363
abadremu,76561198218062104
adlyangel2,76561198884919558
AKDIGJGNNN99,76561199180526096
asahiaki1,76561199540265451
avyjerufo,76561199162092019
b_a02,76561199123690769
bababagob555,76561198223684156
byzx1,76561198853577477
crystallil1,76561198201862560
dbqwd83332,76561199845983602
deafcookie,76561198258027177
dhortelio,76561198123531128
dobkachedik1999,76561199125738077
Docghostlok,76561198129358065
dv6fr6st9mq0,76561199315778851
dvtlv0nmkl,76561199755002561
eb00zniE,76561199559376178
ejosv250,76561199126617689
eldennithzara,76561199860757510
fqbrq26555,76561198773084424
frosty2404,76561198011538433
gcbio11345,76561199553321205
gcrMVQWPqFwP,76561199423830530
GenaLovitop,76561198741012403
geliz34682,76561199565755088
gloomypup51833,76561199827856071
green88fender,76561197994688620
hbiducoz8319,76561199837487900
hoang250403,76561199216770667
Ht7Zq6Ed8Ga1,76561199317073968
hteon53780,76561198759410388
I1jyGzTWW,76561199878353082
jp30ekXr,76561199382755974
jxngwoo0210,76561199774265453
Kabineendleme23,76561199769980540
ken06241,76561198826085695
lzmio79653,76561199707640419
magepll,76561198840271574
MajinLuffy1420,76561199134204717
Mk2Bx6Sk6Pu9,76561199319426446
mydrr76151,76561199688852484
nfbe86816,76561199219075858
nixtan2,76561199481141235
ocgg21869,76561199409411343
oiydz866,76561199162684185
ol3ts7kf9hc3,76561199335499623
onlysteamwither,76561199190254155
oring32,76561199045324591
osa8228,76561198202492972
oscmd12114,76561199589655595
qwrfj75511,76561199703893435
queen_k5,76561198333861422
ragnarok_by_heero,76561198686480559
rdd24433,76561199357675530
rwkfy95147,76561199822284559
shenghuaweiji2a,76561199042326883
siwangxibao5,76561199208580389
SkizeGames13801MK1,76561198726130138
SkizeGames52745RE95,76561198731046292
steamok1089791,76561199402940961
thb112074,76561199265199187
thelast1q,76561199842935969
tjnq50897,76561199409644202
ujywc089,76561199181822087
ukmnq80360,76561199688516331
upnc34071,76561199409652729
uzytkownik9669,76561199177241702
vezmq71773,76561198775114584
vimeworl,76561199048539464
wbtq108320,76561199262996562
wbtq1085442,76561199340563026
wbtq1085858,76561199353529305
wbtq1085903,76561199354003284
wbtq1086239,76561199363518900
wbtq1086254,76561199364358633
wcicatricew,76561199559878298
xic528,76561198851555290
yangxuan01051,76561199017225288
yaqzdprte,76561199855990702
ygodr97864,76561199645707861
yncdbpbgtbgw,76561199426275359
youkansub,76561199200888167
zakirvla,76561198096167471
zfbgk25632,76561199838706297
zhenqugame042,76561199087924316
ZVKPC50864,76561199266912718
joebeem89,76561198823655143
qimayukanha22,76561199021221982
alz0n_store_cyberpunk,76561199641464085
illpig5564,76561199400402695
crustycrab777,76561198721406486
huanyu2024,76561199248986895
swat1200,76561198104966764
markizzz2016,76561199809164836
dhortelio,76561198123531128
tioclubposneilistala,76561199416374915
dimariba51,76561199511375735
aleksandrapojarnova1997,76561199187292797
jonhhenrique_eldenringggmax,76561198759620243
