753	2	513710-Puppet
753	2	513710-Sharpshooter (Trading Card)
753	1	581320-Breach
753	1	581320-Killing Fields
753	1	581320-Masks On
753	2	625340-Assistance Required
753	1	625340-Humanoid
753	1	70000-Styrac Attack!
753	2	70000-Waist Deep in Freedom
753	1	70000-Winging It
753	1	72850-Draugr Deathlord
753	2	72850-Mehrunes Dagon
753	1	72850-Nordic Ruins
753	1	730-Balkan
753	2	730-SWAT
753	1	976310-CASSIE CAGE
753	1	976310-D'VORAH
753	1	976310-KOTAL KAHN
753	2	976310-NOOB SAIBOT
753	1	976310-RAIDEN (Trading Card)
753	1	976310-SONYA (Trading Card)
570	1	Tines of the Pyrexae - Body Head
753	2	414700-Knoth
753	1	414700-Val
753	1	979070-Crab!
753	1	979070-Lucky Star
753	1	979070-Mantis!
753	1	979070-Wally
753	1	1222680-Honda
753	1	1222680-Nissan
753	1	1222680-Range Rover SVR
753	1	1273400-Asphalt Dumper
753	1	1273400-Dozer
753	1	1273400-Dumper
753	1	1273400-Mobile Crane
753	1	1273400-Wheel loader
753	1	2737070-Midnight Locksmith
753	1	2755330-Nastya (Trading Card)
753	2	386360-Daisy Despair (Trading Card)
753	2	386360-Dark Whisperer
753	1	386360-Executioner
753	1	386360-Flurry
753	3	386360-Ragnarok
753	1	386360-Scarlet Coven Eset
753	1	386360-Swagni (Trading Card)
753	2	386360-Void Wyrm
753	1	495420-Feral
753	3	623340-Valos Prime (Trading Card)
753	1	1350650-Book Smart
753	1	1350650-Redhead
753	1	1607130-Elizabeth
753	1	3527290-Campfire (Trading Card)
753	1	3527290-Don’t Eat That!
753	1	3527290-PEAK!
753	2	3527290-Stick Together
753	3	3527290-The Ultimate Carry
753	1	550-Smoker
753	1	550-Spitter
730	1	AK-47 | Aquamarine Revenge (Battle-Scarred)
730	1	AUG | Contractor (Field-Tested)
730	1	AWP | Pit Viper (Field-Tested)
730	1	AWP | Safari Mesh (Field-Tested)
730	1	Desert Eagle | Mudder (Minimal Wear)
730	1	Dual Berettas | Ventilators (Field-Tested)
730	1	FAMAS | Cyanospatter (Field-Tested)
730	1	Five-SeveN | Forest Night (Field-Tested)
730	1	Galil AR | Black Sand (Battle-Scarred)
730	1	Gamma 2 Case
730	1	Glock-18 | Warhawk (Well-Worn)
730	2	Glove Case
730	1	MAC-10 | Palm (Minimal Wear)
730	1	MP7 | Forest DDPAT (Field-Tested)
730	1	P2000 | Granite Marbleized (Field-Tested)
730	1	SCAR-20 | Carbon Fiber (Factory New)
730	1	Sealed Graffiti | Eco (Tracer Yellow)
730	1	Sealed Graffiti | Eye Spy (Brick Red)
730	1	Sealed Graffiti | GTG (SWAT Blue)
730	1	Sealed Graffiti | Jump Shot (War Pig Pink)
730	1	Sealed Graffiti | Popdog (Violent Violet)
730	1	SG 553 | Aerial (Field-Tested)
730	2	Spectrum Case
730	1	Tec-9 | Army Mesh (Factory New)
730	1	XM1014 | Oxide Blaze (Minimal Wear)
753	1	1797760-:crying_yeti:
753	1	107410-AR-2 Darter
753	2	107410-MH-9 Hummingbird
753	1	1172620-Duke
753	1	202990-Aftermath
753	1	202990-Drone
753	2	202990-Nuketown 2025
753	1	202990-Standoff
753	1	212910-Abigail "Misty" Briarton
753	1	212910-Dr. Edward Richtofen
753	1	212910-Nikolai Belinski
753	1	212910-Takeo Masaki (Trading Card)
753	1	212910-Tank Dempsey
753	1	218620-Chains (Trading Card)
753	1	218620-Hector
753	3	233720-My Pretty
753	2	233720-Tooled Up
